,Classifier Name,Train Accuracy,Test Accuracy,Train F1,Test F1,Unseen Accuracy,Unseen F1
6,Crenarchaeota_to_Genus,0.9936123195911885,0.9922311995027968,0.9936109046551408,0.9922299381978266,0.9919738883835412,0.990193597248578
5,Tenericutes_to_Genus,1.0,0.9576877234803336,1.0,0.9229235628555268,0.6020608899297424,0.5266426431602402
4,Euryarchaeota_to_Genus,1.0,0.9787013755361632,1.0,0.9750566124935932,0.9473979933110368,0.9216686167999084
3,Spirochaetes_to_Genus,1.0,0.9873591989987484,1.0,0.981700640883472,0.9295288102805029,0.932329260678872
2,Archaea_to_Phylum,1.0,0.9772522296823328,1.0,0.9739519818473305,0.9604915810502284,0.9562357623067993
1,Bacteria_to_Phylum,1.0,0.9743521946060284,1.0,0.9692199355912046,0.9723644308214041,0.9517952041266625
0,All_to_Domain,1.0,0.9739273153575616,1.0,0.9738284014054626,0.8962077718530128,0.8961975146708756
