,Unclassified,Correct at Higher Level,Correct,Incorrect
Domain,0.2567164687643742,0.0,0.6974139252798174,0.04586960595580845
Phylum,0.2567164687643742,0.0913218283105334,0.6050869691136135,0.0468747338114789
Genus,0.2567164687643742,0.1532734799570691,0.5352476192098673,0.054762432068689415
